{"cameraMode":{"drawMode":2,"name":"Shaded Wireframe","section":"Shading Mode"},"sceneLighting":true,"audioPlay":false,"sceneViewState":{"showFog":true,"showMaterialUpdate":false,"showSkybox":true,"showFlares":true,"showImageEffects":true,"showParticleSystems":true},"in2DMode":false,"pivot":{"x":7.66651725769043,"y":14.802366256713868,"z":-15.663322448730469},"rotation":{"x":0.4012888967990875,"y":0.5052029490470886,"z":-0.2861810028553009,"w":0.7084062695503235},"size":15.989843368530274,"orthographic":false}